<?xml version="1.0" encoding="UTF-8"?>

<beans xmlns="http://www.springframework.org/schema/beans"
    xmlns:xsi="http://www.w3.org/2001/XMLSchema-instance"
    xmlns:context="http://www.springframework.org/schema/context"
    xmlns:mvc="http://www.springframework.org/schema/mvc"
    xsi:schemaLocation="http://www.springframework.org/schema/beans http://www.springframework.org/schema/beans/spring-beans.xsd
http://www.springframework.org/schema/context http://www.springframework.org/schema/context/spring-context-4.3.xsd
http://www.springframework.org/schema/mvc http://www.springframework.org/schema/mvc/spring-mvc-4.3.xsd">


<context:component-scan base-package="com.spring"></context:component-scan>
<context:annotation-config/>
<bean class="org.springframework.web.servlet.view.InternalResourceViewResolver">
<property name="suffix" value=".jsp"></property>
<property name="prefix" value="/jsp/"></property>
</bean>

 

<!-- data source -->
<bean class="org.springframework.jdbc.datasource.DriverManagerDataSource" name="ds">
<property name="driverClassName" value="com.mysql.jdbc.Driver" />
<property name="url" value="jdbc:mysql://localhost:3306/examportal" />
<property name="username" value="root" />
<property name="password" value="rootroot" />
</bean>
<!-- LocalSessionFactoryBean -->
<bean class="org.springframework.orm.hibernate5.LocalSessionFactoryBean" name="factory">
<!-- data source -->
<property name="dataSource" ref="ds"></property>
<!-- hibernate properties -->
<property name="hibernateProperties">
<props>
<prop key="hibernate.dialect">org.hibernate.dialect.MySQL5Dialect</prop>
<prop key="hibernate.show_sql">true</prop>
<prop key="hibernate.hbm2ddl.auto">create</prop>
</props>
</property>

 

<!-- annotated classes -->
<property name="annotatedClasses">
<list>
<value>com.spring.model.Admin</value>
<value>com.spring.model.Exam</value> 
<value>com.spring.model.Question</value>
<value>com.spring.model.Report</value>
<value>com.spring.model.Student</value>
</list>
</property>
</bean>
<bean class="org.springframework.orm.hibernate5.HibernateTemplate" name="hibernateTemplate">
<property name="sessionFactory" ref="factory"></property>
</bean>

 


<bean class="org.springframework.orm.hibernate5.HibernateTransactionManager" name="transactionManager"> 
<property name="sessionFactory" ref="factory"></property>
</bean>
</beans>