<?xml version="1.0" encoding="UTF-8"?>
<beans xmlns="http://www.springframework.org/schema/beans"
	xmlns:xsi="http://www.w3.org/2001/XMLSchema-instance"
	xmlns:context="http://www.springframework.org/schema/context"
	xsi:schemaLocation="http://www.springframework.org/schema/beans http://www.springframework.org/schema/beans/spring-beans.xsd
		http://www.springframework.org/schema/context http://www.springframework.org/schema/context/spring-context-4.3.xsd">

   <bean id="adm" class="com.spring.Admin">
   <property name="adminId" value="1"></property>
   <property name="adminName" value="sony"></property>
   <property name="customer" ref="adm3"></property>
   
   
  </bean>
  
  <!-- setter Injection -->
  
   <!--  
  <bean id="adm1" class="com.spring.Admin">
 <property name="adminId" value="2"></property>
  <property name="adminName" value="Deekshi"></property>
  <property name="customer" ref="adm3"></property>
  </bean>
  
  -->
  
   
    <!-- Constructor Injection -->
    
    <bean id="adm2" class="com.spring.Admin" autowire="constructor">
    <constructor-arg type="int" value="5"></constructor-arg>
    <constructor-arg  value="Alex"></constructor-arg>
    <constructor-arg>
    <ref bean="adm3"/>
    </constructor-arg>
    </bean>
    
    
    <bean id="adm3" class="com.spring.Customer" autowire="constructor">
    <constructor-arg type="int" value="234"></constructor-arg>
    <constructor-arg  value="deekshitha"></constructor-arg>
    </bean>
    
</beans>
